Model,order,RMSE,MAE
ARIMA,"(1, 2, 3)",8766.937167576267,6814.866530096629
