Model,order,RMSE,MAE
ARIMA,"(1, 2, 3)",8766.937167576267,6814.866530096629
Prophet,,5963.197798769366,4450.65094581226
