Model,RMSE,MAE
Prophet (daily),2904.0417812021224,2095.196367697638
