Model,RMSE,MAE
Prophet (monthly),16279.83611317037,12597.907618599078
