Model,RMSE,MAE
Prophet (weekly),6501.685911427661,5286.507160034632
