Model,RMSE,MAE
Prophet,5963.197798769366,4450.65094581226
